timestamp,resonance_index
2025-10-10 13:37:50.000000,100.0
2025-10-13 01:29:23.000000,100.0
2025-10-13 10:29:08.000000,100.0
2025-10-13 10:39:13.000000,99.1453553248573
2025-10-13 12:18:36.000000,99.16289437579202
2025-10-13 13:26:19.000000,99.48116457515563
2025-10-13 18:13:59.000000,99.10078922333703
2025-10-13 22:37:00.000000,99.2196402875971
2025-10-14 00:42:45.000000,99.78264661143233
2025-10-14 06:15:28.000000,99.53047826111538
2025-10-14 12:18:50.000000,99.49667908078472
2025-10-14 13:26:49.000000,95.265598732581
2025-10-14 18:14:47.000000,84.0896892678457
2025-10-15 00:43:51.000000,99.62055398349464
2025-10-15 04:41:27.000000,88.55763341702338
2025-10-15 06:15:21.000000,99.9557418649872
2025-10-15 12:19:34.000000,91.4296968745287
2025-10-15 13:28:23.000000,99.70050459985558
2025-10-15 18:14:46.000000,81.05240560259507
2025-10-16 00:43:41.000000,99.21876813904088
2025-10-16 06:15:18.000000,99.55784681867392
2025-10-16 12:18:53.000000,94.9048532242182
2025-10-16 13:27:24.000000,99.79644416536885
2025-10-16 18:13:53.000000,97.74095496608395
2025-10-17 00:43:21.000000,98.66903840623542
2025-10-17 12:18:03.366560,100.0
2025-10-17 13:24:05.265316,100.0
2025-10-17 18:11:28.106031,100.0
2025-10-18 00:40:33.553051,100.0
2025-10-18 06:12:50.765238,100.0
2025-10-18 12:15:40.373045,100.0
2025-10-18 13:19:15.907013,100.0
2025-10-18 18:11:43.306395,100.0
2025-10-19 00:49:58.115458,100.0
2025-10-19 06:13:49.026637,100.0
2025-10-19 12:15:43.513344,100.0
2025-10-19 13:19:28.630101,100.0
2025-10-19 18:12:01.696240,100.0
2025-10-20 00:23:30.609891,100.0
2025-10-20 00:47:12.997902,100.0
2025-10-20 06:15:32.370918,100.0
2025-10-20 12:18:33.890080,100.0
2025-10-20 13:25:44.102070,100.0
2025-10-20 18:14:48.264990,100.0
2025-10-21 00:44:23.523929,100.0
2025-10-21 06:15:20.397783,100.0
2025-10-21 12:18:55.902190,100.0
2025-10-21 13:30:24.282697,100.0
2025-10-21 18:12:52.091186,100.0
2025-10-22 00:45:25.417420,100.0
2025-10-22 06:15:36.231897,100.0
2025-10-22 12:19:18.131125,100.0
2025-10-22 13:29:43.308221,100.0
2025-10-22 18:15:22.124385,90.55088817476931
2025-10-23 00:43:47.828431,100.0
2025-10-23 06:15:11.199629,100.0
2025-10-23 12:18:40.862358,100.0
2025-10-23 13:28:27.575564,100.0
2025-10-23 18:14:20.904440,100.0
2025-10-24 00:40:54.507975,100.0
2025-10-24 06:14:50.011411,100.0
2025-10-24 12:18:38.708924,100.0
2025-10-24 13:26:46.909453,100.0
2025-10-24 18:14:23.387304,100.0
2025-10-25 00:42:55.472316,100.0
2025-10-25 06:13:17.218726,100.0
2025-10-25 12:15:24.975548,100.0
2025-10-25 13:19:33.380150,100.0
2025-10-25 18:12:12.414861,100.0
2025-10-26 00:47:13.866602,100.0
2025-10-26 06:13:20.930404,100.0
2025-10-26 12:16:03.161792,100.0
2025-10-26 13:20:01.891357,100.0
2025-10-26 18:12:22.239003,100.0
2025-10-27 00:49:23.528628,100.0
2025-10-27 06:16:45.506438,100.0
2025-10-27 12:19:01.207526,100.0
2025-10-27 13:28:31.057517,100.0
2025-10-27 18:14:35.776617,100.0
2025-10-28 00:42:49.367737,100.0
2025-10-28 06:15:46.586843,100.0
2025-10-28 12:18:19.376853,100.0
2025-10-28 13:26:53.116939,100.0
2025-10-28 18:14:50.254744,100.0
2025-10-29 00:46:01.317238,100.0
2025-10-29 06:15:42.945926,100.0
2025-10-29 12:19:03.079301,100.0
2025-10-29 13:29:31.073514,100.0
2025-10-29 18:14:56.816885,100.0
2025-10-30 00:45:54.527450,100.0
2025-10-30 06:14:48.849575,100.0
2025-10-30 12:18:19.029600,100.0
2025-10-30 13:27:11.595939,100.0
2025-10-30 18:14:12.360247,100.0
2025-10-31 00:44:28.628458,100.0
2025-10-31 06:15:11.223655,100.0
2025-10-31 12:18:56.571930,100.0
2025-10-31 13:26:08.362053,100.0
2025-10-31 18:14:46.297105,100.0
2025-11-01 00:48:15.538410,100.0
2025-11-01 06:13:03.206941,100.0
2025-11-01 12:15:40.678940,100.0
2025-11-01 13:20:08.117351,100.0
2025-11-01 18:11:40.303228,100.0
2025-11-02 00:48:45.095191,100.0
2025-11-02 06:13:40.406416,100.0
2025-11-02 12:15:27.969375,100.0
2025-11-02 13:19:31.629817,100.0
2025-11-02 18:11:20.330817,100.0
2025-11-03 00:47:59.651258,100.0
2025-11-03 06:16:07.904412,100.0
2025-11-03 12:18:51.624829,100.0
2025-11-03 13:26:55.612348,100.0
2025-11-03 18:13:54.201357,100.0
2025-11-04 00:44:35.434722,100.0
2025-11-04 06:15:22.202688,100.0
2025-11-04 12:19:51.485959,100.0
2025-11-04 13:30:17.566379,100.0
2025-11-04 18:14:19.984866,100.0
2025-11-05 00:46:46.534780,100.0
2025-11-05 06:15:14.757650,100.0
2025-11-05 12:18:56.439748,100.0
2025-11-05 13:28:35.901686,100.0
2025-11-05 18:14:17.753190,100.0
2025-11-06 00:45:17.792832,100.0
2025-11-06 06:15:22.714059,100.0
2025-11-06 12:18:46.835115,100.0
2025-11-06 13:28:25.511277,100.0
2025-11-06 18:14:58.436563,100.0
2025-11-07 00:45:03.224194,100.0
2025-11-07 06:15:21.433442,100.0
2025-11-07 12:18:09.368478,100.0
2025-11-07 13:24:33.944065,100.0
2025-11-07 18:13:54.299154,100.0
2025-11-08 00:42:17.539936,100.0
2025-11-08 06:13:10.935124,100.0
2025-11-08 12:15:44.663982,100.0
2025-11-08 13:20:02.632926,100.0
2025-11-08 18:12:12.463121,100.0
2025-11-09 00:48:52.530153,62.20355269907728
2025-11-09 06:13:31.997560,100.0
2025-11-09 12:15:57.718203,100.0
2025-11-09 13:20:09.389194,100.0
2025-11-09 18:12:14.589302,100.0
2025-11-10 00:48:58.047335,100.0
2025-11-10 06:16:25.504338,100.0
2025-11-10 12:18:55.295005,100.0
2025-11-10 13:28:06.135205,100.0
2025-11-10 18:14:22.889913,100.0
2025-11-11 00:46:00.785681,100.0
2025-11-11 06:15:31.481663,100.0
2025-11-11 12:18:48.978906,100.0
2025-11-11 13:27:33.187507,100.0
2025-11-11 18:14:11.426657,100.0
2025-11-12 00:46:00.743333,100.0
2025-11-12 06:15:25.443365,100.0
2025-11-12 12:19:10.458778,100.0
2025-11-12 13:29:39.021418,100.0
2025-11-12 18:14:35.150523,100.0
2025-11-13 00:45:33.978217,100.0
2025-11-13 06:15:45.783672,100.0
2025-11-13 12:19:16.185643,92.44071053981546
2025-11-13 13:29:30.053148,100.0
2025-11-13 18:13:54.107412,100.0
2025-11-14 00:45:48.921855,100.0
2025-11-14 06:15:21.115367,100.0
2025-11-14 12:19:20.125845,100.0
2025-11-14 13:26:27.583937,100.0
2025-11-14 18:14:13.976215,62.20355269907728
2025-11-15 00:44:52.872670,100.0
2025-11-15 06:13:30.865147,100.0
2025-11-15 12:16:01.078299,100.0
2025-11-15 13:20:37.157844,100.0
2025-11-15 18:12:00.175942,100.0
2025-11-16 00:50:23.440745,100.0
2025-11-16 06:14:02.016258,100.0
2025-11-16 12:15:34.757232,100.0
2025-11-16 13:20:30.921829,100.0
2025-11-16 18:12:21.320136,100.0
2025-11-17 00:47:28.505441,100.0
2025-11-17 06:16:13.871734,100.0
2025-11-17 12:18:58.995639,100.0
2025-11-17 13:28:27.118102,100.0
2025-11-17 18:13:52.435452,100.0
2025-11-18 00:45:14.987725,100.0
2025-11-18 06:15:12.940018,100.0
2025-11-18 12:19:14.217152,100.0
2025-11-18 13:28:37.320836,100.0
2025-11-18 18:14:57.624061,100.0
2025-11-19 00:45:37.844674,93.70059211651288
2025-11-19 06:15:16.096401,100.0
2025-11-19 12:19:01.311923,62.20355269907728
2025-11-19 13:28:30.158848,100.0
2025-11-19 18:14:37.397335,100.0
2025-11-20 00:44:55.676058,100.0
2025-11-20 06:14:48.663041,100.0
2025-11-20 12:18:50.446259,100.0
2025-11-20 13:26:43.809506,100.0
2025-11-20 18:14:25.387170,100.0
2025-11-21 00:45:09.744393,100.0
2025-11-21 06:15:44.839467,100.0
2025-11-21 12:17:51.782095,100.0
2025-11-21 13:24:51.364638,100.0
2025-11-21 18:14:30.121064,100.0
2025-11-22 00:43:31.810362,100.0
2025-11-22 06:13:20.217908,100.0
2025-11-22 12:15:37.174087,100.0
2025-11-22 13:20:17.348898,100.0
2025-11-22 18:12:30.530657,100.0
2025-11-23 00:53:20.125313,100.0
2025-11-23 06:13:56.670027,100.0
2025-11-23 12:15:24.533431,100.0
2025-11-23 13:19:52.716587,100.0
2025-11-23 18:13:00.041417,100.0
2025-11-24 00:50:08.834992,100.0
2025-11-24 06:16:18.132983,100.0
2025-11-24 12:19:11.095103,100.0
2025-11-24 13:29:55.084978,100.0
2025-11-24 18:15:27.863319,100.0
2025-11-25 00:44:38.989477,100.0
2025-11-25 06:16:18.174181,100.0
2025-11-25 12:19:49.144199,100.0
2025-11-25 13:30:34.573798,100.0
2025-11-25 18:15:25.587980,100.0
2025-11-26 00:45:44.779819,100.0
2025-11-26 06:16:03.420514,100.0
2025-11-26 12:19:18.798075,100.0
2025-11-26 13:31:11.066052,100.0
2025-11-26 18:12:41.336629,100.0
2025-11-27 00:44:59.895094,100.0
2025-11-27 06:16:19.454209,100.0
2025-11-27 12:18:49.306118,100.0
2025-11-27 13:28:18.663932,100.0
2025-11-27 18:14:08.702607,100.0
2025-11-28 00:44:20.739417,100.0
2025-11-28 06:15:56.760505,100.0
2025-11-28 12:18:40.076071,100.0
2025-11-28 13:27:07.274226,100.0
2025-11-28 18:13:51.072989,100.0
2025-11-29 00:44:22.143824,100.0
2025-11-29 06:14:05.784621,100.0
2025-11-29 12:16:26.698229,100.0
2025-11-29 13:22:24.198731,100.0
2025-11-29 18:13:20.029054,100.0
2025-11-30 00:53:18.024051,100.0
2025-11-30 06:14:44.172945,100.0
2025-11-30 12:16:28.913982,100.0
2025-11-30 13:22:29.638915,100.0
2025-11-30 18:13:20.826640,100.0
2025-12-01 00:57:39.451458,100.0
2025-12-01 06:17:28.285139,100.0
2025-12-01 12:19:57.191105,100.0
2025-12-01 13:31:53.577316,100.0
2025-12-01 18:16:08.620411,100.0
2025-12-02 00:47:28.935956,100.0
2025-12-02 06:16:38.203931,100.0
2025-12-02 12:20:02.671602,100.0
2025-12-02 13:33:19.698817,100.0
2025-12-02 18:16:12.463299,62.20355269907728
2025-12-03 00:46:25.784418,100.0
2025-12-03 06:16:21.290747,100.0
2025-12-03 12:19:46.469584,100.0
2025-12-03 13:32:31.551824,100.0
2025-12-03 18:15:31.208689,100.0
2025-12-04 00:47:19.859011,100.0
2025-12-04 06:16:09.032907,100.0
2025-12-04 12:19:45.040243,100.0
2025-12-04 13:32:54.241535,100.0
2025-12-04 18:16:04.441292,100.0
2025-12-05 00:47:13.240346,100.0
2025-12-05 06:16:24.883243,100.0
2025-12-05 12:19:38.329775,100.0
2025-12-05 13:28:33.900245,100.0
2025-12-05 18:13:00.257428,100.0
2025-12-06 00:44:35.839171,100.0
2025-12-06 06:14:11.054836,100.0
2025-12-06 12:16:37.735060,100.0
2025-12-06 13:22:37.068609,100.0
2025-12-06 18:13:02.993778,100.0
2025-12-07 00:53:27.809992,100.0
2025-12-07 06:14:04.420821,100.0
2025-12-07 12:16:36.002056,100.0
2025-12-07 13:21:39.203842,100.0
2025-12-07 18:13:07.100098,100.0
2025-12-08 00:48:02.369662,100.0
2025-12-08 06:17:56.935028,100.0
2025-12-08 12:19:43.908279,62.20355269907728
2025-12-08 13:31:26.401647,100.0
2025-12-08 18:16:01.232533,100.0
2025-12-09 00:47:03.543945,100.0
2025-12-09 06:16:30.170679,100.0
2025-12-09 12:19:52.565550,100.0
2025-12-09 13:32:27.417333,100.0
2025-12-09 18:13:58.993057,100.0
2025-12-10 00:49:26.601475,100.0
2025-12-10 06:16:49.198462,100.0
2025-12-10 12:20:04.305565,100.0
2025-12-10 13:33:40.581040,100.0
2025-12-10 18:16:28.139761,100.0
2025-12-11 00:50:11.606855,100.0
2025-12-11 06:17:13.690604,100.0
2025-12-11 12:21:00.178720,100.0
2025-12-11 13:35:10.447852,100.0
2025-12-11 18:14:44.553916,100.0
2025-12-12 00:49:01.949588,100.0
2025-12-12 06:16:46.598139,100.0
2025-12-12 12:19:20.611451,100.0
2025-12-12 13:31:09.213460,100.0
2025-12-12 18:16:05.331091,100.0
2025-12-13 00:45:01.073856,100.0
2025-12-13 06:14:47.315241,100.0
2025-12-13 12:16:51.727184,100.0
2025-12-13 13:23:19.425405,62.20355269907728
2025-12-13 18:13:12.125517,100.0
2025-12-14 00:53:50.491181,100.0
2025-12-14 06:14:49.114364,100.0
2025-12-14 12:17:00.725215,100.0
2025-12-14 13:23:38.780468,100.0
2025-12-14 18:14:04.117211,100.0
2025-12-15 00:52:11.414257,100.0
2025-12-15 06:18:25.415192,100.0
2025-12-15 12:21:04.916006,100.0
2025-12-15 13:37:15.891549,100.0
2025-12-15 18:16:08.119032,100.0
2025-12-16 00:49:50.088482,100.0
2025-12-16 06:17:14.865089,100.0
2025-12-16 12:20:47.905795,100.0
2025-12-16 13:34:51.610263,100.0
2025-12-16 18:16:00.308898,100.0
2025-12-17 00:44:56.671945,100.0
2025-12-17 06:16:32.026894,100.0
2025-12-17 12:20:05.255618,100.0
2025-12-17 13:30:26.048093,100.0
2025-12-17 18:16:41.275112,100.0
2025-12-18 00:44:32.415881,100.0
2025-12-18 06:16:28.518237,100.0
2025-12-18 12:19:50.497712,100.0
2025-12-18 13:32:43.913023,100.0
2025-12-18 18:16:08.827595,100.0
2025-12-19 00:49:20.399791,100.0
2025-12-19 06:16:08.948958,100.0
2025-12-19 12:18:58.980845,100.0
2025-12-19 13:29:33.291903,100.0
2025-12-19 18:14:58.394719,100.0
2025-12-20 00:45:16.341030,100.0
2025-12-20 06:15:21.863637,100.0
2025-12-20 12:16:57.977523,100.0
2025-12-20 13:23:19.746123,100.0
2025-12-20 18:13:05.393347,100.0
2025-12-21 00:53:36.662837,100.0
2025-12-21 06:15:01.270316,100.0
2025-12-21 12:17:25.054828,100.0
2025-12-21 13:24:02.985144,100.0
2025-12-21 18:13:57.736756,100.0
2025-12-22 00:52:42.562552,100.0
2025-12-22 06:17:50.211430,100.0
2025-12-22 12:20:16.260722,100.0
2025-12-22 13:30:39.266513,100.0
2025-12-22 18:15:25.688649,62.20355269907728
2025-12-23 00:49:05.154985,100.0
2025-12-23 06:17:10.891932,100.0
2025-12-23 12:20:08.484161,100.0
2025-12-23 13:32:24.320910,100.0
2025-12-23 18:15:32.334252,100.0
2025-12-24 00:49:22.943497,100.0
2025-12-24 06:16:59.252672,100.0
2025-12-24 12:19:20.617038,100.0
2025-12-24 13:28:21.165570,100.0
2025-12-24 18:15:17.802097,100.0
2025-12-25 00:49:01.116098,100.0
2025-12-25 06:16:38.308494,100.0
2025-12-25 12:19:17.294602,100.0
2025-12-25 13:28:29.306005,100.0
2025-12-25 18:15:03.454236,100.0
2025-12-26 00:49:31.207524,100.0
2025-12-26 06:16:40.115900,100.0
2025-12-26 12:19:02.959990,100.0
2025-12-26 13:29:00.590006,100.0
2025-12-26 18:15:08.299134,100.0
2025-12-27 00:47:29.499907,100.0
2025-12-27 06:15:19.479569,100.0
2025-12-27 12:17:15.339734,100.0
2025-12-27 13:24:44.819204,100.0
2025-12-27 18:14:01.509634,100.0
2025-12-28 00:56:00.925589,100.0
2025-12-28 06:15:33.917976,100.0
2025-12-28 12:18:18.217163,100.0
2025-12-28 13:26:06.500357,100.0
2025-12-28 18:14:30.859389,100.0
2025-12-29 00:54:44.761602,100.0
2025-12-29 06:19:08.098580,62.20355269907728
2025-12-29 12:20:42.244820,100.0
2025-12-29 13:33:45.650600,100.0
2025-12-29 18:16:08.200307,100.0
2025-12-30 00:49:31.299275,100.0
2025-12-30 06:16:49.167206,100.0
2025-12-30 12:20:18.165287,100.0
2025-12-30 13:32:51.876323,100.0
2025-12-30 18:16:00.612662,100.0
2025-12-31 00:51:13.855072,100.0
2025-12-31 06:16:55.328382,100.0
2025-12-31 12:19:30.622458,100.0
2025-12-31 13:29:10.327542,100.0
2025-12-31 18:15:12.274062,100.0
2026-01-01 00:56:35.487375,100.0
2026-01-01 06:17:16.136891,100.0
2026-01-01 12:20:00.613911,100.0
2026-01-01 13:29:43.372227,100.0
2026-01-01 18:15:19.339311,100.0
2026-01-02 00:51:16.119215,100.0
2026-01-02 06:17:17.648324,92.44071053981546
2026-01-02 12:19:14.701396,93.70059211651288
2026-01-02 13:29:22.554740,100.0
2026-01-02 18:15:16.858868,100.0
2026-01-03 00:46:45.960931,100.0
2026-01-03 06:15:23.076312,100.0
2026-01-03 12:17:56.694882,100.0
2026-01-03 13:25:26.415444,100.0
2026-01-03 18:14:05.212365,100.0
2026-01-04 00:56:39.671079,100.0
2026-01-04 06:15:49.786607,92.44071053981546
2026-01-04 12:18:03.803053,93.70059211651288
2026-01-04 13:26:19.670841,100.0
2026-01-04 18:14:22.474482,94.6005075284396
2026-01-05 00:55:51.412287,95.27544408738466
2026-01-05 06:22:15.487116,91.60078948868384
2026-01-05 12:20:51.210359,100.0
2026-01-05 13:37:10.624447,100.0
2026-01-05 18:16:47.363904,100.0
2026-01-06 00:51:13.378188,100.0
2026-01-06 06:17:14.645679,100.0
2026-01-06 12:20:30.771919,100.0
2026-01-06 13:33:48.349417,100.0
2026-01-06 18:15:49.879117,100.0
2026-01-07 00:51:19.054502,100.0
2026-01-07 06:17:38.220132,96.56395933627975
2026-01-07 12:21:08.757916,100.0
2026-01-07 13:36:03.274397,100.0
2026-01-07 18:16:33.464995,100.0
2026-01-08 00:51:19.250274,100.0
2026-01-08 06:17:36.079265,100.0
2026-01-08 12:21:30.803391,100.0
2026-01-08 13:36:53.286863,100.0
2026-01-08 18:14:24.174858,100.0
2026-01-09 00:51:26.603917,100.0
2026-01-09 06:17:39.593897,100.0
2026-01-09 12:20:20.049373,100.0
2026-01-09 13:34:15.025880,100.0
2026-01-09 18:16:08.141102,100.0
2026-01-10 00:49:47.683376,100.0
2026-01-10 06:15:03.453018,62.20355269907728
2026-01-10 12:17:37.702998,100.0
2026-01-10 13:25:48.993220,100.0
2026-01-10 18:14:36.771071,100.0
2026-01-11 00:56:30.048215,100.0
2026-01-11 06:16:02.956869,100.0
2026-01-11 12:18:49.244317,96.85029605825645
2026-01-11 13:26:36.405530,100.0
2026-01-11 18:14:31.599183,100.0
2026-01-12 00:54:24.571842,100.0
2026-01-12 06:20:10.550293,100.0
2026-01-12 12:22:08.295888,100.0
2026-01-12 13:38:34.803370,100.0
2026-01-12 18:16:24.796288,100.0
2026-01-13 00:45:44.293206,100.0
2026-01-13 06:17:31.147153,100.0
2026-01-13 12:21:28.976029,100.0
2026-01-13 13:37:07.732128,100.0
2026-01-13 18:17:56.575322,100.0
2026-01-14 00:53:08.001618,100.0
2026-01-14 06:17:53.923500,100.0
2026-01-14 12:20:41.394177,100.0
2026-01-14 13:36:48.795146,100.0
2026-01-14 18:17:28.168390,100.0
2026-01-15 00:48:37.605010,100.0
2026-01-15 06:17:31.535946,100.0
2026-01-15 12:20:32.864058,100.0
2026-01-15 13:36:04.106575,100.0
2026-01-15 18:21:33.257714,100.0
2026-01-16 00:52:21.404270,100.0
2026-01-16 06:18:06.602337,100.0
2026-01-16 12:20:04.885760,100.0
2026-01-16 13:34:26.734763,100.0
2026-01-16 18:16:24.817118,100.0
2026-01-17 00:48:57.294092,100.0
2026-01-17 06:15:19.817292,100.0
2026-01-17 12:17:32.614724,100.0
2026-01-17 13:25:38.543364,100.0
2026-01-17 18:13:51.047668,100.0
2026-01-18 00:55:40.760481,100.0
2026-01-18 06:15:53.242923,100.0
2026-01-18 12:17:53.353882,100.0
2026-01-18 13:25:20.652476,100.0
2026-01-18 18:14:06.195376,100.0
2026-01-19 00:55:01.248793,100.0
2026-01-19 06:22:12.795879,100.0
2026-01-19 12:22:16.529870,100.0
2026-01-19 13:41:04.907467,100.0
2026-01-19 18:15:58.595211,100.0
2026-01-20 00:50:01.053693,62.20355269907728
2026-01-20 06:19:35.481996,100.0
2026-01-20 12:22:18.349172,100.0
2026-01-20 13:42:05.860805,100.0
2026-01-20 18:19:13.662069,100.0
2026-01-21 00:52:56.803865,100.0
2026-01-21 06:19:43.210751,100.0
2026-01-21 12:22:56.615670,100.0
2026-01-21 13:41:07.309955,100.0
2026-01-21 18:27:47.055362,100.0
2026-01-22 00:51:37.033056,100.0
2026-01-22 06:18:41.787175,100.0
2026-01-22 12:23:08.434555,100.0
2026-01-22 13:42:24.256786,100.0
2026-01-22 18:16:39.533762,100.0
2026-01-23 00:52:36.852400,100.0
2026-01-23 06:17:59.561116,100.0
2026-01-23 12:21:35.802941,100.0
2026-01-23 13:38:35.381105,100.0
2026-01-23 18:17:04.187104,100.0
2026-01-24 00:49:47.549502,100.0
2026-01-24 06:15:55.706518,100.0
2026-01-24 12:18:07.836139,100.0
2026-01-24 13:27:30.171353,100.0
2026-01-24 18:15:04.438110,100.0
2026-01-25 00:57:06.009358,100.0
2026-01-25 06:16:17.201277,100.0
2026-01-25 12:19:19.885326,100.0
2026-01-25 13:28:47.293414,100.0
2026-01-25 18:14:51.715309,100.0
2026-01-26 00:56:24.554296,100.0
2026-01-26 06:21:11.704885,100.0
2026-01-26 12:22:23.559552,100.0
2026-01-26 13:40:14.173928,100.0
2026-01-26 18:18:52.340246,100.0
2026-01-27 00:54:39.729112,100.0
2026-01-27 06:18:37.364215,100.0
2026-01-27 12:22:20.523812,100.0
2026-01-27 13:42:15.979751,100.0
2026-01-27 18:21:29.539582,100.0
2026-01-28 00:52:06.689848,100.0
2026-01-28 06:19:29.465588,100.0
2026-01-28 12:23:03.086476,100.0
2026-01-28 13:43:22.635348,100.0
2026-01-28 18:21:57.611370,100.0
2026-01-29 00:59:28.553101,100.0
2026-01-29 06:31:44.341928,100.0
2026-01-29 12:28:37.469803,100.0
2026-01-29 13:55:40.923951,96.56395933627975
2026-01-29 18:28:33.682278,100.0
2026-01-30 00:59:22.452877,100.0
2026-01-30 06:33:09.072683,100.0
2026-01-30 12:27:41.527041,100.0
2026-01-30 13:52:05.252197,100.0
2026-01-30 18:25:36.028817,100.0
2026-01-31 00:56:53.780584,100.0
2026-01-31 06:23:25.677160,100.0
2026-01-31 12:20:52.954371,100.0
2026-01-31 13:37:11.285871,100.0
2026-01-31 18:16:22.966720,100.0
2026-02-01 01:10:10.152008,100.0
2026-02-01 06:34:39.471222,100.0
2026-02-01 12:22:09.778548,96.22035526990773
2026-02-01 13:38:59.391525,100.0
2026-02-01 18:17:52.319224,100.0
2026-02-02 01:02:46.670367,100.0
2026-02-02 06:48:38.232199,100.0
2026-02-02 12:30:17.272698,100.0
2026-02-02 13:58:30.002519,100.0
2026-02-02 18:26:47.464632,100.0
2026-02-03 01:03:43.747560,100.0
2026-02-03 06:35:24.641527,100.0
2026-02-03 12:31:03.882304,100.0
2026-02-03 14:00:25.529481,100.0
2026-02-03 18:39:20.613776,100.0
2026-02-04 00:58:40.176989,100.0
2026-02-04 06:35:32.865681,100.0
2026-02-04 12:31:10.043874,100.0
2026-02-04 13:59:12.167358,100.0
2026-02-04 18:32:18.369860,100.0
2026-02-05 01:01:18.388540,100.0
2026-02-05 06:42:15.310936,100.0
2026-02-05 12:32:05.039437,100.0
2026-02-05 14:02:05.143810,100.0
2026-02-05 18:33:48.509173,100.0
2026-02-06 00:59:04.359081,100.0
2026-02-06 06:38:10.974920,100.0
2026-02-06 12:30:06.920788,100.0
2026-02-06 13:58:36.447029,100.0
2026-02-06 18:31:43.940775,100.0
2026-02-07 00:58:11.198619,100.0
2026-02-07 06:27:31.408292,100.0
2026-02-07 12:21:21.703736,100.0
2026-02-07 13:40:03.365817,100.0
2026-02-07 18:18:16.659354,100.0
2026-02-08 01:19:40.119384,100.0
2026-02-08 06:35:33.002739,100.0
2026-02-08 12:22:15.326938,100.0
2026-02-08 13:40:24.775633,100.0
2026-02-08 18:19:33.406662,100.0
2026-02-09 01:05:08.472240,100.0
2026-02-09 06:52:19.664348,100.0
2026-02-09 12:38:20.739599,100.0
2026-02-09 14:12:31.145848,100.0
2026-02-09 18:40:24.260646,100.0
2026-02-10 01:13:43.782949,100.0
2026-02-10 06:52:13.179002,100.0
2026-02-10 12:43:05.703352,100.0
2026-02-10 14:19:38.093801,100.0
2026-02-10 18:49:56.905532,100.0
2026-02-11 01:11:25.942303,100.0
2026-02-11 06:19:19.418465,100.0
2026-02-11 12:09:48.631741,100.0
2026-02-11 14:13:33.627880,100.0
2026-02-11 18:15:18.413136,100.0
2026-02-12 00:04:59.615739,100.0
2026-02-12 06:18:59.171500,100.0
2026-02-12 12:07:35.996092,100.0
2026-02-12 13:30:51.250059,100.0
2026-02-12 18:14:00.378218,100.0
2026-02-13 00:06:41.796916,100.0
2026-02-13 06:16:52.871144,100.0
2026-02-13 12:03:49.616916,100.0
2026-02-13 13:27:08.620359,100.0
2026-02-13 18:08:41.463289,100.0
2026-02-14 00:06:12.324878,100.0
2026-02-14 06:09:17.800188,100.0
2026-02-14 12:01:37.563620,100.0
2026-02-14 13:18:09.382156,100.0
2026-02-14 18:01:58.567706,100.0
2026-02-15 00:04:47.881748,100.0
2026-02-15 06:13:44.928696,100.0
2026-02-15 12:01:53.560951,100.0
2026-02-15 13:18:45.493630,100.0
2026-02-15 18:03:02.256377,100.0
2026-02-16 00:05:08.970293,100.0
2026-02-16 06:18:11.624595,100.0
2026-02-16 12:06:23.851502,100.0
2026-02-16 13:28:36.523831,100.0
2026-02-16 18:07:23.847745,100.0
2026-02-17 00:06:14.421964,100.0
2026-02-17 06:16:03.567869,100.0
2026-02-17 12:06:08.933779,100.0
2026-02-17 13:29:02.435555,100.0
2026-02-17 18:13:44.369701,100.0
2026-02-18 00:06:26.728222,100.0
2026-02-18 06:18:25.052724,100.0
2026-02-18 12:06:15.838188,100.0
2026-02-18 13:29:45.272659,100.0
2026-02-18 18:10:37.408702,100.0
2026-02-19 00:06:25.239314,100.0
2026-02-19 06:17:54.034991,100.0
2026-02-19 12:06:28.606234,100.0
2026-02-19 13:30:27.470493,100.0
2026-02-19 18:13:55.303917,100.0
2026-02-20 00:05:45.903247,100.0
2026-02-20 06:14:21.041635,100.0
2026-02-20 12:04:48.985665,100.0
2026-02-20 13:25:49.584642,100.0
2026-02-20 18:08:08.129493,62.20355269907728
2026-02-21 00:05:32.486598,100.0
2026-02-21 06:08:02.112923,100.0
2026-02-21 12:01:49.084356,100.0
2026-02-21 13:17:31.356957,100.0
2026-02-21 18:04:14.677739,100.0
2026-02-22 00:04:26.616482,100.0
2026-02-22 06:11:02.350897,100.0
2026-02-22 12:01:28.789071,100.0
2026-02-22 13:18:11.709084,100.0
2026-02-22 18:02:48.546832,100.0
2026-02-23 00:04:52.028998,100.0
2026-02-23 06:18:35.692518,100.0
2026-02-23 12:06:22.373763,100.0
2026-02-23 13:30:05.743252,100.0
2026-02-23 18:16:31.675224,100.0
2026-02-24 00:05:38.387574,100.0
2026-02-24 06:17:05.339780,100.0
2026-02-24 12:07:36.388696,100.0
2026-02-24 13:30:17.532640,100.0
2026-02-24 18:15:18.767884,100.0
2026-02-25 00:06:46.513936,100.0
2026-02-25 06:19:30.170728,100.0
2026-02-25 12:06:45.124287,100.0
2026-02-25 13:30:21.048657,100.0
2026-02-25 18:17:36.765042,100.0
2026-02-26 00:06:00.283534,100.0
2026-02-26 06:16:21.371662,100.0
2026-02-26 12:07:41.434100,100.0
2026-02-26 13:30:23.229412,100.0
2026-02-26 18:11:25.536408,100.0
2026-02-27 00:06:32.941133,100.0
2026-02-27 06:12:50.049796,100.0
2026-02-27 12:04:30.428567,100.0
2026-02-27 13:25:24.541910,100.0
2026-02-27 18:07:04.619003,100.0
2026-02-28 00:03:53.219975,100.0
2026-02-28 06:03:31.479082,100.0
2026-02-28 12:01:34.119155,100.0
2026-02-28 13:15:10.756623,100.0
2026-02-28 18:01:21.686277,100.0
2026-03-01 00:04:32.804574,100.0
2026-03-01 06:10:15.409644,100.0
2026-03-01 12:01:32.559943,100.0
2026-03-01 13:16:29.646588,100.0
2026-03-01 18:01:24.752866,100.0
2026-03-02 00:04:02.331381,100.0
2026-03-02 06:12:59.528811,100.0
2026-03-02 12:04:03.579520,100.0
2026-03-02 13:26:25.781812,100.0
2026-03-02 18:08:07.612124,100.0
2026-03-03 00:05:53.369070,100.0
2026-03-03 06:11:16.085262,100.0
2026-03-03 12:04:27.450219,100.0
2026-03-03 13:25:30.125116,100.0
2026-03-03 18:11:50.901764,100.0
2026-03-04 00:05:12.404106,100.0
2026-03-04 06:09:16.321586,100.0
2026-03-04 12:03:43.814688,100.0
2026-03-04 13:24:44.855304,100.0
2026-03-04 18:08:22.899186,100.0
2026-03-05 00:05:31.788511,100.0
2026-03-05 06:10:50.146935,100.0
2026-03-05 12:04:55.530545,100.0
2026-03-05 13:27:26.443881,100.0
2026-03-05 18:31:30.617740,100.0
2026-03-06 00:10:48.705806,100.0
2026-03-06 06:09:37.226928,100.0
2026-03-06 12:03:30.885760,100.0
2026-03-06 13:23:31.193549,100.0
2026-03-06 18:08:19.890440,100.0
2026-03-07 00:05:02.534933,100.0
2026-03-07 06:04:52.764462,100.0
2026-03-07 12:01:35.902188,100.0
2026-03-07 13:16:15.557541,100.0
2026-03-07 18:01:32.446711,100.0
2026-03-08 00:04:22.852741,100.0
2026-03-08 06:08:20.533753,100.0
2026-03-08 12:01:44.924091,100.0
2026-03-08 13:16:44.591250,100.0
2026-03-08 18:01:32.421274,100.0
2026-03-09 00:04:27.669194,100.0
2026-03-09 06:15:51.649310,100.0
2026-03-09 12:04:36.964341,100.0
2026-03-09 13:29:10.684416,100.0
2026-03-09 18:11:19.531344,100.0
2026-03-10 00:04:01.160542,100.0
2026-03-10 06:09:31.753335,100.0
2026-03-10 12:04:43.047522,100.0
2026-03-10 13:28:08.349946,100.0
2026-03-10 18:11:19.064961,100.0
2026-03-11 00:03:35.460178,62.20355269907728
2026-03-11 06:11:00.682666,100.0
2026-03-11 12:04:53.363656,100.0
2026-03-11 13:28:08.720770,100.0
2026-03-11 18:13:47.024734,100.0
2026-03-12 00:04:51.523641,100.0
2026-03-12 06:12:29.299146,100.0
2026-03-12 12:03:35.799327,100.0
2026-03-12 13:27:55.927307,100.0
2026-03-12 18:12:07.090102,100.0
2026-03-13 00:05:10.236892,100.0
2026-03-13 06:11:33.585778,100.0
2026-03-13 12:04:25.923598,100.0
2026-03-13 13:26:09.689931,100.0
2026-03-13 18:06:27.208602,100.0
2026-03-14 00:06:01.136877,100.0
2026-03-14 06:09:50.056355,100.0
2026-03-14 12:02:23.856934,100.0
2026-03-14 13:19:02.245935,100.0
2026-03-14 18:03:24.848649,100.0
2026-03-15 00:06:40.803738,100.0
2026-03-15 06:15:32.256844,100.0
2026-03-15 12:02:44.142724,100.0
2026-03-15 13:20:20.210361,100.0
2026-03-15 18:03:49.328071,100.0
2026-03-16 00:06:48.260567,100.0
2026-03-16 06:25:26.049551,100.0
2026-03-16 12:09:38.827275,100.0
2026-03-16 13:31:48.681286,100.0
2026-03-16 18:14:45.543033,100.0
2026-03-17 00:05:45.212992,100.0
2026-03-17 06:17:50.096725,100.0
2026-03-17 12:09:04.476094,100.0
2026-03-17 13:31:33.934509,100.0
2026-03-17 18:14:11.218400,100.0
2026-03-18 00:07:15.523203,100.0
2026-03-18 06:18:10.901563,100.0
2026-03-18 12:09:53.819623,100.0
2026-03-18 13:32:07.605884,100.0
2026-03-18 18:15:27.353564,100.0
2026-03-19 00:06:27.420029,100.0
2026-03-19 06:16:18.998924,100.0
2026-03-19 12:05:37.045836,100.0
2026-03-19 13:30:07.722068,100.0
2026-03-19 18:11:59.438377,100.0
2026-03-20 00:05:36.736604,100.0
2026-03-20 06:12:55.966549,100.0
2026-03-20 12:04:21.445577,100.0
2026-03-20 13:26:29.579091,100.0
2026-03-20 18:07:10.433709,100.0
2026-03-21 00:05:07.881296,100.0
2026-03-21 06:07:50.784559,100.0
2026-03-21 12:01:55.580241,100.0
2026-03-21 13:17:30.676648,100.0
2026-03-21 18:02:33.801094,100.0
2026-03-22 00:04:53.096914,100.0
2026-03-22 06:12:33.099184,100.0
2026-03-22 12:01:46.109756,100.0
2026-03-22 13:18:29.465613,100.0
2026-03-22 18:02:42.118702,100.0
2026-03-23 00:06:50.687556,100.0
2026-03-23 06:19:23.176170,100.0
2026-03-23 12:08:58.625431,100.0
2026-03-23 13:31:26.423183,100.0
2026-03-23 18:12:19.488806,100.0
2026-03-24 00:05:35.877418,100.0
2026-03-24 06:17:58.097440,100.0
2026-03-24 12:09:30.568887,100.0
2026-03-24 13:31:07.992672,100.0
2026-03-24 18:14:05.938902,100.0
2026-03-25 00:06:30.255183,100.0
2026-03-25 06:17:53.118491,100.0
2026-03-25 12:08:38.613273,100.0
2026-03-25 13:31:13.810506,100.0
2026-03-25 18:14:42.790717,100.0
2026-03-26 00:08:13.438684,100.0
2026-03-26 06:19:54.920306,100.0
2026-03-26 12:11:41.119394,100.0
2026-03-26 13:31:33.403325,100.0
2026-03-26 18:15:33.684386,100.0
2026-03-27 00:07:40.493691,100.0
2026-03-27 06:20:55.444245,100.0
2026-03-27 12:09:12.107993,100.0
2026-03-27 13:29:54.265347,100.0
2026-03-27 18:13:12.486882,100.0
2026-03-28 00:06:31.863872,100.0
2026-03-28 06:15:48.703191,100.0
2026-03-28 12:03:43.488497,100.0
2026-03-28 13:22:25.854117,100.0
2026-03-28 18:04:01.557153,100.0
2026-03-29 00:07:14.061336,100.0
2026-03-29 06:19:23.646071,100.0
2026-03-29 12:03:47.837392,100.0
2026-03-29 13:23:11.673146,100.0
2026-03-29 18:04:56.263502,100.0
2026-03-30 00:08:18.805957,100.0
2026-03-30 06:30:18.617439,100.0
2026-03-30 12:11:33.506293,100.0
2026-03-30 13:32:10.750397,100.0
2026-03-30 18:13:35.168869,100.0
2026-03-31 00:08:38.121096,100.0
2026-03-31 06:23:21.925500,100.0
2026-03-31 12:11:30.866072,100.0
2026-03-31 13:32:05.575267,100.0
2026-03-31 18:13:43.780863,100.0
2026-04-01 00:08:56.252686,100.0
2026-04-01 06:28:17.238839,100.0
2026-04-01 12:11:24.997777,100.0
2026-04-01 13:32:10.149355,100.0
2026-04-01 18:12:29.826767,100.0
2026-04-02 00:07:04.290476,100.0
2026-04-02 06:20:31.267579,100.0
2026-04-02 12:11:32.785029,100.0
2026-04-02 13:31:37.962864,100.0
2026-04-02 18:12:06.655353,100.0
2026-04-03 00:08:00.866224,100.0
2026-04-03 06:20:14.348069,100.0
2026-04-03 12:06:58.458770,100.0
2026-04-03 13:28:45.514709,100.0
2026-04-03 18:07:51.259685,100.0
2026-04-04 00:06:49.720338,100.0
2026-04-04 06:16:48.570934,100.0
2026-04-04 12:04:23.619601,100.0
2026-04-04 13:23:19.673741,100.0
2026-04-04 18:04:54.299569,100.0
2026-04-05 00:07:21.282944,100.0
2026-04-05 06:21:33.123085,100.0
2026-04-05 12:04:24.588571,100.0
2026-04-05 13:24:08.222434,100.0
2026-04-05 18:05:29.361960,100.0
2026-04-06 00:08:04.916173,100.0
2026-04-06 06:30:18.795397,100.0
2026-04-06 12:10:25.836711,100.0
2026-04-06 13:30:49.384994,100.0
2026-04-06 18:13:35.571468,100.0
2026-04-07 00:09:10.697671,100.0
2026-04-07 06:25:14.386659,100.0
2026-04-07 12:12:00.738846,100.0
2026-04-07 13:32:10.577386,100.0
2026-04-07 18:14:35.112051,100.0
2026-04-08 00:10:05.789086,95.80039474434192
2026-04-08 06:25:48.182395,100.0
2026-04-08 12:12:02.238822,100.0
2026-04-08 13:32:10.197835,100.0
2026-04-08 18:20:25.442835,100.0
2026-04-09 00:07:44.903592,100.0
2026-04-09 06:27:15.702976,100.0
2026-04-09 12:12:46.125131,100.0
2026-04-09 13:33:10.059609,100.0
2026-04-09 18:16:18.122560,100.0
2026-04-10 00:09:59.917385,100.0
2026-04-10 06:30:31.739488,100.0
2026-04-10 12:10:41.950778,100.0
2026-04-10 13:31:31.624623,100.0
2026-04-10 18:12:07.204642,100.0
2026-04-11 00:08:20.588983,100.0
2026-04-11 06:17:50.284974,100.0
2026-04-11 12:04:30.989541,100.0
2026-04-11 13:24:34.499664,100.0
2026-04-11 18:05:15.237066,100.0
2026-04-12 00:08:54.490939,100.0
2026-04-12 06:26:51.115641,100.0
2026-04-12 12:05:41.679301,100.0
2026-04-12 13:26:30.557215,100.0
2026-04-12 18:07:52.067441,100.0
2026-04-13 00:10:04.491248,100.0
2026-04-13 06:36:52.577684,100.0
2026-04-13 12:15:22.542348,100.0
2026-04-13 13:32:58.995842,100.0
2026-04-13 18:20:05.739338,100.0
2026-04-14 00:13:15.147940,100.0
2026-04-14 06:30:18.298448,100.0
2026-04-14 12:14:04.818960,100.0
2026-04-14 13:33:10.980914,100.0
2026-04-14 18:20:02.032353,100.0
2026-04-15 00:13:45.178586,100.0
2026-04-15 06:30:52.265594,100.0
2026-04-15 12:13:25.496950,100.0
2026-04-15 13:33:23.795403,100.0
2026-04-15 18:19:16.467295,100.0
2026-04-16 00:13:48.251323,100.0
2026-04-16 06:31:10.118296,100.0
2026-04-16 12:15:11.064102,100.0
2026-04-16 13:33:37.291064,100.0
2026-04-16 18:20:19.341759,100.0
2026-04-17 00:12:32.949174,100.0
2026-04-17 06:31:24.180018,100.0
2026-04-17 12:12:58.895602,100.0
2026-04-17 13:32:00.028748,100.0
2026-04-17 18:13:38.537022,100.0
2026-04-18 00:10:43.921677,100.0
2026-04-18 06:20:50.488975,100.0
2026-04-18 12:05:39.214882,100.0
2026-04-18 13:27:25.412295,100.0
2026-04-18 18:07:44.667106,100.0
2026-04-19 00:09:47.028863,100.0
2026-04-19 06:29:15.494573,100.0
2026-04-19 12:05:20.049061,100.0
2026-04-19 13:27:00.314492,100.0
2026-04-19 18:08:09.971490,100.0
2026-04-20 00:10:53.743115,100.0
2026-04-20 06:37:27.900883,100.0
2026-04-20 12:17:29.826100,100.0
2026-04-20 13:33:49.953854,100.0
2026-04-20 18:15:22.059790,100.0
2026-04-21 00:13:08.250886,100.0
2026-04-21 06:31:19.318301,62.20355269907728
2026-04-21 12:14:43.609081,100.0
2026-04-21 13:33:53.066604,100.0
2026-04-21 18:17:09.699999,100.0
2026-04-22 00:09:52.930614,100.0
2026-04-22 06:31:22.097227,100.0
2026-04-22 12:14:36.107433,100.0
2026-04-22 13:32:59.917297,100.0
2026-04-22 18:17:36.113586,100.0
2026-04-23 00:14:54.495326,100.0
2026-04-23 06:31:37.447642,100.0
2026-04-23 12:15:23.766865,100.0
2026-04-23 13:33:17.339149,100.0
2026-04-23 18:18:44.135010,100.0
2026-04-24 00:14:38.942281,100.0
2026-04-24 06:32:40.310947,100.0
2026-04-24 12:14:21.089984,100.0
2026-04-24 13:32:28.424307,100.0
2026-04-24 18:10:17.155343,100.0
2026-04-25 00:11:59.960942,100.0
2026-04-25 06:25:32.025648,100.0
2026-04-25 12:07:32.774521,100.0
2026-04-25 13:28:44.891228,100.0
2026-04-25 18:09:07.004359,100.0
2026-04-26 00:11:49.513069,100.0
2026-04-26 06:32:21.758906,100.0
2026-04-26 12:08:57.695052,100.0
2026-04-26 13:29:15.630854,100.0
2026-04-26 18:09:42.524536,100.0
2026-04-27 00:12:45.205478,100.0
2026-04-27 06:45:28.469777,100.0
2026-04-27 12:24:25.643143,100.0
2026-04-27 13:33:57.783095,100.0
2026-04-27 18:21:41.378124,100.0
2026-04-28 00:16:18.758564,100.0
2026-04-28 06:48:14.452968,100.0
2026-04-28 12:28:15.046388,100.0
2026-04-28 13:35:27.641855,100.0
2026-04-28 18:26:45.475569,100.0
2026-04-29 00:17:14.310445,100.0
2026-04-29 06:43:40.721433,100.0
2026-04-29 12:24:28.669855,100.0
2026-04-29 13:34:24.493117,100.0
2026-04-29 18:24:41.661555,100.0
2026-04-30 00:17:10.558243,100.0
2026-04-30 06:46:04.943173,100.0
2026-04-30 12:24:24.944906,100.0
2026-04-30 13:34:22.879275,100.0
2026-04-30 18:23:55.429344,100.0
2026-05-01 00:17:23.231529,100.0
2026-05-01 06:48:28.968010,100.0
2026-05-01 12:13:36.174337,100.0
2026-05-01 13:31:16.146000,100.0
2026-05-01 18:17:40.394775,100.0
2026-05-02 00:16:42.288097,100.0
2026-05-02 06:33:03.102395,100.0
2026-05-02 12:11:52.742468,100.0
2026-05-02 13:30:20.964914,100.0
2026-05-02 18:12:58.324947,100.0
2026-05-03 00:15:00.874182,100.0
2026-05-03 06:45:32.881548,100.0
2026-05-03 12:10:41.107046,100.0
2026-05-03 13:30:37.951111,100.0
2026-05-03 18:13:25.851333,100.0
2026-05-04 00:16:07.295512,62.20355269907728
2026-05-04 06:54:07.302011,100.0
2026-05-04 12:25:12.385373,100.0
2026-05-04 13:34:36.831341,100.0
2026-05-04 18:26:32.602887,100.0
2026-05-05 00:17:13.025772,100.0
2026-05-05 06:39:10.216887,100.0
2026-05-05 12:17:55.446851,100.0
2026-05-05 13:34:59.763029,100.0
2026-05-05 18:24:25.324276,100.0
2026-05-06 00:16:26.763042,100.0
2026-05-06 06:48:23.160313,100.0
2026-05-06 12:29:39.081478,100.0
2026-05-06 13:35:20.755517,100.0
2026-05-06 18:27:43.015365,100.0
2026-05-07 00:16:39.715803,100.0
2026-05-07 06:52:44.584038,100.0
2026-05-07 12:29:44.081105,100.0
2026-05-07 13:34:54.851483,100.0
2026-05-07 18:28:44.830345,100.0
2026-05-08 00:17:20.190479,100.0
2026-05-08 06:30:00.848833,100.0
2026-05-08 12:21:17.481514,100.0
2026-05-08 13:33:16.951062,100.0
2026-05-08 18:23:42.650740,100.0
2026-05-09 00:18:33.133298,100.0
2026-05-09 06:37:16.040992,100.0
2026-05-09 12:12:57.690697,100.0
2026-05-09 13:30:53.200554,100.0
2026-05-09 18:14:30.482410,100.0
2026-05-10 00:16:52.263691,100.0
2026-05-10 06:48:42.580122,100.0
2026-05-10 12:12:16.190637,100.0
2026-05-10 13:30:50.536212,100.0
2026-05-10 18:14:47.675227,100.0
2026-05-11 00:17:22.339640,100.0
2026-05-11 07:00:54.556721,100.0
2026-05-11 12:50:52.556279,100.0
2026-05-11 13:54:01.392153,100.0
2026-05-11 18:31:54.219314,100.0
2026-05-12 00:19:16.669753,100.0
2026-05-12 06:51:07.510572,100.0
2026-05-12 12:32:26.461628,100.0
2026-05-12 13:35:42.982970,100.0
2026-05-12 18:31:20.722217,100.0
2026-05-13 00:20:19.336666,100.0
2026-05-13 06:55:10.220927,100.0
2026-05-13 12:35:30.680634,100.0
2026-05-13 13:42:48.062823,100.0
2026-05-13 18:31:57.457130,100.0
2026-05-14 00:21:36.486106,100.0
2026-05-14 06:53:17.010128,100.0
2026-05-14 12:29:12.249416,100.0
2026-05-14 13:35:11.594978,100.0
2026-05-14 18:31:26.725325,100.0
2026-05-15 00:19:21.396043,100.0
2026-05-15 06:58:57.498912,100.0
2026-05-15 12:30:17.491299,100.0
2026-05-15 13:34:13.241886,100.0
2026-05-15 18:27:05.566130,100.0
2026-05-16 00:17:27.668259,100.0
2026-05-16 06:41:23.516202,100.0
2026-05-16 12:14:24.617627,100.0
2026-05-16 13:31:20.497278,100.0
2026-05-16 18:14:33.437364,100.0
2026-05-17 00:17:57.107033,100.0
2026-05-17 06:51:44.921146,100.0
2026-05-17 12:13:39.996479,100.0
2026-05-17 13:31:12.788640,100.0
2026-05-17 18:16:44.791877,100.0
2026-05-18 00:19:26.898766,100.0
2026-05-18 07:12:22.149221,100.0
2026-05-18 13:01:54.016223,100.0
2026-05-18 14:11:09.619623,100.0
2026-05-18 18:30:40.961685,100.0
2026-05-19 00:22:44.429058,100.0
2026-05-19 07:03:47.046751,100.0
2026-05-19 12:54:16.823458,100.0
2026-05-19 13:59:21.736343,100.0
2026-05-19 18:31:23.801643,100.0
2026-05-20 00:23:16.193205,100.0
2026-05-20 07:03:51.916148,100.0
2026-05-20 12:43:54.168874,100.0
2026-05-20 13:52:56.730094,100.0
2026-05-20 18:42:21.179615,100.0
2026-05-21 00:23:02.150450,100.0
2026-05-21 07:08:47.080099,100.0
2026-05-21 12:55:56.483671,100.0
2026-05-21 14:04:33.618262,100.0
2026-05-21 18:32:33.119228,100.0
2026-05-22 00:21:29.715540,100.0
2026-05-22 07:04:03.652574,100.0
2026-05-22 12:41:35.524829,100.0
2026-05-22 13:47:00.741336,100.0
2026-05-22 18:30:38.392407,100.0
2026-05-23 00:20:56.932666,100.0
2026-05-23 06:48:47.494026,100.0
2026-05-23 12:13:46.806637,100.0
2026-05-23 13:31:30.972092,100.0
2026-05-23 18:15:54.884441,100.0
2026-05-24 00:19:55.335835,100.0
2026-05-24 06:59:39.604842,100.0
2026-05-24 12:16:23.772203,100.0
2026-05-24 13:31:28.411377,100.0
2026-05-24 18:16:44.849204,100.0
2026-05-25 00:21:15.389436,100.0
2026-05-25 07:23:41.291891,100.0
2026-05-25 12:59:56.021424,100.0
2026-05-25 14:01:41.031465,100.0
2026-05-25 18:28:07.001500,100.0
2026-05-26 00:21:09.192522,100.0
2026-05-26 07:03:47.052964,100.0
2026-05-26 12:50:49.477912,100.0
2026-05-26 14:01:52.122835,100.0
2026-05-26 18:43:07.698435,100.0
2026-05-27 00:22:51.688713,100.0
2026-05-27 07:17:25.512784,100.0
2026-05-27 12:58:27.912314,100.0
2026-05-27 14:07:43.206281,100.0
2026-05-27 18:41:18.633937,100.0
2026-05-28 00:20:25.726711,100.0
2026-05-28 07:10:14.044386,100.0
2026-05-28 13:02:21.147451,100.0
2026-05-28 14:15:20.866087,100.0
2026-05-28 18:46:13.048923,100.0
2026-05-29 00:24:44.498857,100.0
2026-05-29 07:10:46.485751,100.0
2026-05-29 12:55:00.919238,100.0
2026-05-29 14:00:49.405019,100.0
2026-05-29 18:47:05.110395,100.0
2026-05-30 00:22:38.199765,100.0
2026-05-30 06:54:22.931439,100.0
2026-05-30 12:19:03.593044,95.27544408738466
2026-05-30 13:31:38.835872,100.0
2026-05-30 18:17:56.388628,100.0
2026-05-31 00:22:00.513190,100.0
2026-05-31 07:11:25.150855,100.0
2026-05-31 12:21:53.863319,100.0
2026-05-31 13:32:23.220026,100.0
2026-05-31 18:19:14.586082,100.0
2026-06-01 00:22:12.593057,100.0
2026-06-01 07:34:54.529994,100.0
2026-06-01 13:50:21.489356,100.0
2026-06-01 15:03:34.905927,100.0
2026-06-01 19:34:20.920941,100.0
2026-06-02 00:27:56.353661,100.0
2026-06-02 07:29:04.315549,100.0
2026-06-02 13:04:31.799645,100.0
2026-06-02 14:25:06.726454,100.0
2026-06-02 19:05:58.319941,100.0
2026-06-03 00:32:01.961968,95.80039474434192
2026-06-03 07:32:07.804004,100.0
2026-06-03 13:25:39.613590,96.22035526990773
2026-06-03 14:31:53.735063,100.0
2026-06-03 19:11:12.407898,100.0
2026-06-04 00:32:47.639742,100.0
2026-06-04 07:29:07.413519,100.0
2026-06-04 12:54:06.305252,100.0
2026-06-04 14:00:57.348567,100.0
2026-06-04 18:39:54.694048,100.0
2026-06-05 00:24:48.577204,100.0
2026-06-05 07:20:21.321211,100.0
2026-06-05 12:52:03.835360,100.0
2026-06-05 13:57:37.516240,100.0
2026-06-05 18:33:44.827210,100.0
2026-06-06 00:23:51.176855,100.0
2026-06-06 06:57:51.118800,100.0
2026-06-06 12:20:47.984903,100.0
2026-06-06 13:32:02.583132,100.0
2026-06-06 18:21:38.745620,100.0
2026-06-07 00:23:34.817882,100.0
2026-06-07 07:16:17.139262,100.0
2026-06-07 12:25:51.411926,100.0
2026-06-07 13:33:16.091701,100.0
2026-06-07 18:21:17.727025,100.0
2026-06-08 00:25:39.278888,100.0
2026-06-08 07:30:42.055052,100.0
2026-06-08 13:19:32.856647,100.0
2026-06-08 14:24:55.804590,100.0
2026-06-08 18:43:35.878130,100.0
2026-06-09 00:20:55.627387,100.0
2026-06-09 07:05:41.304727,100.0
2026-06-09 12:51:37.672394,100.0
2026-06-09 13:51:16.353381,100.0
2026-06-09 18:37:59.261847,100.0
2026-06-10 00:27:01.918493,100.0
2026-06-10 07:19:56.054896,100.0
2026-06-10 12:59:29.162974,100.0
2026-06-10 14:07:22.749408,100.0
2026-06-10 18:46:34.243363,100.0
2026-06-11 00:28:47.520673,100.0
2026-06-11 07:30:22.599627,100.0
2026-06-11 13:07:34.893573,100.0
2026-06-11 14:17:00.136647,100.0
2026-06-11 18:53:39.406906,100.0
2026-06-12 00:28:28.234129,100.0
2026-06-12 07:28:24.001804,100.0
2026-06-12 12:58:47.684255,100.0
2026-06-12 14:02:03.119734,95.80039474434192
2026-06-12 18:34:06.372773,100.0
2026-06-13 00:28:45.958831,100.0
2026-06-13 07:11:22.846084,100.0
2026-06-13 12:29:12.616142,100.0
2026-06-13 13:33:27.856314,100.0
2026-06-13 18:23:25.661928,100.0
2026-06-14 00:24:51.224471,100.0
2026-06-14 07:28:17.472773,100.0
2026-06-14 12:32:01.941269,100.0
2026-06-14 13:33:24.400276,100.0
2026-06-14 18:23:16.089269,100.0
2026-06-15 00:26:34.232902,100.0
2026-06-15 07:46:01.880339,100.0
2026-06-15 13:59:15.654686,100.0
2026-06-15 15:02:42.835700,100.0
2026-06-15 19:13:16.677174,100.0
2026-06-16 00:33:03.802951,100.0
2026-06-16 07:47:52.062807,100.0
2026-06-16 13:30:06.801215,100.0
2026-06-16 14:36:36.654714,100.0
2026-06-16 19:08:01.319726,100.0
2026-06-17 00:27:51.814640,100.0
2026-06-17 07:39:09.463350,100.0
2026-06-17 13:05:43.125216,100.0
2026-06-17 14:11:48.478404,100.0
2026-06-17 18:43:53.842209,100.0
2026-06-18 00:29:04.736383,100.0
2026-06-18 07:31:02.044291,100.0
2026-06-18 12:59:36.915854,100.0
2026-06-18 14:02:00.662461,100.0
2026-06-18 18:42:50.046493,100.0
2026-06-19 00:32:16.093690,100.0
2026-06-19 07:43:01.855065,100.0
2026-06-19 13:03:14.478965,100.0
2026-06-19 14:02:18.169423,100.0
2026-06-19 18:30:21.975505,100.0
2026-06-20 00:24:26.444771,100.0
2026-06-20 07:13:07.707828,100.0
2026-06-20 12:29:04.376307,100.0
2026-06-20 13:33:44.603322,100.0
2026-06-20 18:24:46.939885,100.0
2026-06-21 00:25:15.514443,100.0
2026-06-21 07:30:42.114997,100.0
2026-06-21 12:32:51.976707,100.0
2026-06-21 13:34:14.971133,100.0
2026-06-21 18:26:00.967874,100.0
2026-06-22 00:26:15.396632,100.0
2026-06-22 07:47:39.818804,100.0
2026-06-22 13:46:51.363520,100.0
2026-06-22 14:53:33.322253,100.0
2026-06-22 19:01:55.069688,100.0
2026-06-23 00:24:51.874383,100.0
2026-06-23 07:06:07.192903,100.0
2026-06-23 12:49:19.930139,100.0
2026-06-23 13:51:22.678442,100.0
2026-06-23 18:35:23.730972,100.0
2026-06-24 00:20:02.004151,100.0
2026-06-24 07:03:30.042795,100.0
2026-06-24 12:37:44.573715,100.0
2026-06-24 13:42:33.166062,100.0
2026-06-24 18:30:42.770173,100.0
2026-06-25 00:24:52.069543,100.0
2026-06-25 07:03:16.924739,100.0
2026-06-25 12:40:38.152063,100.0
2026-06-25 13:42:31.702155,100.0
2026-06-25 18:38:18.529321,100.0
2026-06-26 00:25:50.441881,100.0
2026-06-26 07:09:40.105424,100.0
2026-06-26 12:35:32.641174,100.0
2026-06-26 13:40:18.460055,100.0
2026-06-26 18:30:09.434476,100.0
2026-06-27 00:23:50.726033,100.0
2026-06-27 06:58:12.297560,100.0
2026-06-27 12:21:00.479036,100.0
2026-06-27 13:32:09.277043,100.0
2026-06-27 18:19:53.900945,100.0
2026-06-28 00:22:04.639227,100.0
2026-06-28 07:14:09.493522,100.0
2026-06-28 12:21:47.111914,100.0
2026-06-28 13:31:42.127308,100.0
2026-06-28 18:19:47.246802,100.0
2026-06-29 00:23:44.753588,100.0
2026-06-29 07:30:36.866544,100.0
2026-06-29 13:18:58.292947,100.0
2026-06-29 14:22:54.289103,100.0
2026-06-29 18:34:55.408576,100.0
2026-06-30 00:23:35.892432,100.0
2026-06-30 07:09:47.913195,100.0
2026-06-30 12:33:50.864521,100.0
2026-06-30 13:35:33.706014,100.0
2026-06-30 18:30:58.736221,100.0
2026-07-01 00:25:20.122814,100.0
2026-07-01 07:21:22.898267,100.0
2026-07-01 12:50:20.236718,100.0
2026-07-01 13:47:19.686652,100.0
2026-07-01 18:33:44.452878,100.0
2026-07-02 00:24:41.672775,100.0
2026-07-02 08:37:43.198490,100.0
2026-07-02 13:24:24.459099,100.0
2026-07-02 13:33:01.016020,100.0
2026-07-02 19:04:46.122892,100.0
2026-07-03 01:43:26.113481,100.0
2026-07-03 08:43:43.665854,100.0
2026-07-03 13:28:31.201607,100.0
2026-07-03 15:05:00.129325,100.0
2026-07-03 18:57:25.718866,100.0
2026-07-04 01:30:24.128619,100.0
2026-07-04 08:17:57.100471,100.0
2026-07-04 12:54:03.199640,100.0
2026-07-04 14:24:26.861510,100.0
2026-07-04 18:51:34.682187,100.0
2026-07-05 01:46:43.953231,100.0
2026-07-05 08:36:19.077968,100.0
2026-07-05 13:01:51.604478,100.0
2026-07-05 14:27:14.917186,100.0
2026-07-05 18:56:03.223847,100.0
2026-07-06 01:52:49.499204,100.0
2026-07-06 09:49:48.715066,62.20355269907728
2026-07-06 14:51:07.418302,100.0
2026-07-06 16:14:49.080907,100.0
2026-07-06 19:27:40.794640,100.0
2026-07-07 01:50:04.335715,100.0
2026-07-07 09:18:24.599214,100.0
2026-07-07 14:00:56.278225,100.0
2026-07-07 15:41:08.881319,100.0
2026-07-07 19:29:27.500400,100.0
2026-07-08 01:21:28.455691,100.0
2026-07-08 08:03:16.549929,100.0
2026-07-08 13:23:19.592191,100.0
2026-07-08 15:13:36.781598,100.0
2026-07-08 19:01:30.937092,100.0
2026-07-09 01:29:37.220095,100.0
2026-07-09 08:59:17.458330,100.0
2026-07-09 14:23:45.720623,100.0
2026-07-09 15:53:38.998201,100.0
2026-07-09 19:16:33.347484,100.0
2026-07-10 01:27:10.545737,100.0
2026-07-10 08:55:32.816201,100.0
2026-07-10 13:50:50.049268,100.0
2026-07-10 15:27:45.722838,100.0
2026-07-10 19:12:00.749378,100.0
2026-07-11 01:20:19.790465,100.0
2026-07-11 07:28:39.883335,100.0
2026-07-11 12:45:53.257256,100.0
2026-07-11 14:19:17.828775,100.0
2026-07-11 18:40:52.097613,100.0
2026-07-12 01:22:09.915149,100.0
2026-07-12 07:54:11.984696,100.0
2026-07-12 12:48:04.703641,100.0
2026-07-12 14:23:56.414310,100.0
2026-07-12 18:44:23.269178,100.0
2026-07-13 01:23:49.893852,100.0
2026-07-13 08:41:13.384674,100.0
2026-07-13 13:55:45.872519,100.0
2026-07-13 15:38:50.306775,100.0
2026-07-13 19:07:33.953069,100.0
2026-07-14 01:13:07.266686,100.0
2026-07-14 07:42:38.819002,100.0
2026-07-14 13:00:17.278276,100.0
2026-07-14 14:44:15.652154,100.0
2026-07-14 18:57:30.171642,100.0
2026-07-15 01:10:11.231543,100.0
2026-07-15 07:45:51.252063,100.0
2026-07-15 13:03:47.466134,100.0
2026-07-15 14:43:30.504041,100.0
2026-07-15 18:50:39.071769,100.0
2026-07-16 01:19:01.645377,100.0
2026-07-16 07:50:58.299980,100.0
2026-07-16 13:12:15.813747,100.0
2026-07-16 14:54:51.547084,100.0
2026-07-16 18:51:56.621074,100.0
2026-07-17 01:22:37.102595,100.0
2026-07-17 07:48:06.338214,100.0
2026-07-17 12:56:40.876959,100.0
2026-07-17 14:27:30.476355,100.0
2026-07-17 18:48:52.852344,100.0
2026-07-18 01:14:44.791242,100.0
2026-07-18 07:23:00.848023,100.0
2026-07-18 12:43:36.584768,100.0
2026-07-18 14:17:28.126703,100.0
2026-07-18 18:42:05.275427,100.0
2026-07-19 01:20:27.905137,100.0
2026-07-19 07:54:04.664034,100.0
2026-07-19 12:45:03.023256,100.0
2026-07-19 14:21:17.128209,100.0
2026-07-19 18:44:28.566415,100.0
2026-07-20 01:23:50.827914,100.0
2026-07-20 08:33:10.348391,100.0
2026-07-20 13:42:14.115972,100.0
2026-07-20 15:05:23.657341,100.0
2026-07-20 19:20:32.784355,100.0
2026-07-21 01:20:16.929466,100.0
2026-07-21 08:03:02.058648,100.0
2026-07-21 13:09:44.294005,100.0
2026-07-21 14:59:38.131496,100.0
2026-07-21 18:59:36.850101,100.0
2026-07-22 01:18:47.963650,100.0
2026-07-22 08:03:47.942017,100.0
2026-07-22 13:15:22.673677,100.0
2026-07-22 14:59:58.045588,100.0
2026-07-22 18:53:19.912292,100.0
2026-07-23 01:26:13.319025,100.0
2026-07-23 08:06:11.935755,100.0
2026-07-23 13:18:27.285990,100.0
2026-07-23 15:03:36.308619,100.0
2026-07-23 18:55:35.507983,100.0
2026-07-24 01:22:37.092306,100.0
2026-07-24 08:02:49.653718,100.0
2026-07-24 13:12:05.837655,100.0
2026-07-24 14:49:09.114680,100.0
2026-07-24 19:07:48.817966,100.0
2026-07-25 01:22:57.947084,100.0
2026-07-25 07:46:35.306715,100.0
2026-07-25 12:54:19.850231,100.0
2026-07-25 14:27:31.401898,100.0
2026-07-25 18:46:22.403852,100.0
2026-07-26 01:26:01.882586,100.0
2026-07-26 08:02:41.875379,100.0
2026-07-26 12:51:56.376852,100.0
2026-07-26 14:25:40.261109,100.0
2026-07-26 18:50:57.375963,100.0
2026-07-27 01:30:11.399351,100.0
2026-07-27 09:21:39.104103,100.0
2026-07-27 14:05:21.092934,100.0
2026-07-27 15:38:15.514112,100.0
2026-07-27 19:06:39.437048,100.0
2026-07-28 01:17:33.273542,100.0
2026-07-28 08:09:41.034957,100.0
2026-07-28 13:24:50.029650,100.0
2026-07-28 15:14:36.659026,62.20355269907728
2026-07-28 19:01:51.235261,100.0
2026-07-29 01:19:54.467136,100.0
2026-07-29 08:13:51.997083,100.0
2026-07-29 13:39:43.443309,100.0
2026-07-29 15:05:39.646532,100.0
2026-07-29 18:49:35.072185,100.0
2026-07-30 01:13:12.995932,100.0
2026-07-30 08:02:28.816695,100.0
2026-07-30 13:21:07.678967,100.0
2026-07-30 15:06:31.296032,100.0
2026-07-30 19:05:22.592991,100.0
2026-07-31 01:26:18.624163,100.0
2026-07-31 08:27:59.155995,100.0
2026-07-31 13:25:04.530501,100.0
2026-07-31 15:14:16.894337,100.0
2026-07-31 19:03:17.492361,100.0
2026-08-01 01:27:13.100833,100.0
2026-08-01 07:57:50.746796,100.0
2026-08-01 12:49:38.621625,100.0
2026-08-01 14:23:29.971242,100.0
2026-08-01 18:48:51.203192,100.0
2026-08-02 01:25:29.904805,100.0
2026-08-02 07:59:29.009744,100.0
2026-08-02 12:51:20.101863,100.0
2026-08-02 14:25:13.187220,100.0
2026-08-02 18:49:06.623067,100.0
2026-08-03 01:25:36.929299,100.0
2026-08-03 08:57:38.520791,100.0
2026-08-03 14:09:28.309029,100.0
2026-08-03 15:39:22.666759,100.0
2026-08-03 19:14:18.775158,100.0
2026-08-04 01:15:46.395030,100.0
2026-08-04 08:12:54.478801,100.0
2026-08-04 13:39:40.823032,100.0
2026-08-04 15:20:43.613710,100.0
2026-08-04 19:15:22.689522,100.0
2026-08-05 01:18:45.325283,100.0
2026-08-05 08:11:31.184295,100.0
2026-08-05 13:29:42.125529,100.0
2026-08-05 15:09:54.246949,100.0
2026-08-05 19:09:08.760158,100.0
2026-08-06 01:16:31.692339,100.0
2026-08-06 08:10:23.466346,100.0
2026-08-06 13:28:10.722554,100.0
2026-08-06 15:09:13.679067,100.0
2026-08-06 23:45:54.873398,100.0
2026-08-07 01:58:08.613484,100.0
2026-08-07 06:56:29.861299,100.0
2026-08-07 12:34:48.087451,100.0
2026-08-07 14:07:33.893154,100.0
2026-08-07 18:35:41.042550,100.0
2026-08-08 00:41:03.568390,100.0
2026-08-08 06:29:24.829804,100.0
2026-08-08 12:20:35.249358,100.0
2026-08-08 13:40:05.386612,100.0
2026-08-08 18:18:56.140878,100.0
2026-08-09 00:43:55.965287,100.0
2026-08-09 06:34:07.858758,100.0
2026-08-09 12:22:23.538947,100.0
2026-08-09 13:43:23.631349,100.0
2026-08-09 18:20:50.031541,100.0
2026-08-10 00:45:28.444883,100.0
2026-08-10 07:03:41.262247,100.0
2026-08-10 12:38:38.996274,100.0
2026-08-10 14:16:27.973441,100.0
2026-08-10 18:38:50.793602,100.0
2026-08-11 00:45:03.402630,100.0
2026-08-11 06:42:31.408532,100.0
2026-08-11 12:36:05.559512,100.0
2026-08-11 14:15:09.784203,100.0
2026-08-11 18:42:21.352350,100.0
2026-08-12 00:52:56.824868,100.0
2026-08-12 07:02:50.786141,100.0
2026-08-12 12:38:31.393182,100.0
2026-08-12 14:17:13.653025,100.0
2026-08-12 18:43:18.088926,100.0
2026-08-13 00:54:03.958186,100.0
2026-08-13 07:06:42.640049,100.0
2026-08-13 12:39:19.294575,100.0
2026-08-13 14:18:59.741406,100.0
2026-08-13 18:43:52.869075,100.0
2026-08-14 00:53:35.215477,100.0
2026-08-14 07:02:58.741868,100.0
2026-08-14 12:35:23.055146,100.0
2026-08-14 14:12:07.268784,100.0
2026-08-14 18:37:06.178223,100.0
2026-08-15 00:30:17.707256,100.0
2026-08-15 06:16:15.941287,100.0
2026-08-15 12:13:07.713235,100.0
2026-08-15 13:25:02.186348,100.0
2026-08-15 18:10:26.853232,100.0
2026-08-16 00:31:27.726389,100.0
2026-08-16 06:18:15.640642,100.0
2026-08-16 12:13:37.794198,100.0
2026-08-16 13:25:42.389869,100.0
2026-08-16 18:10:22.187761,100.0
2026-08-17 00:29:59.250156,100.0
2026-08-17 06:26:55.272727,100.0
2026-08-17 12:17:19.611461,100.0
2026-08-17 13:34:26.074104,100.0
2026-08-17 18:19:13.967108,100.0
2026-08-18 00:29:18.564214,100.0
2026-08-18 06:20:32.454198,100.0
2026-08-18 12:18:56.704454,100.0
2026-08-18 13:36:43.950935,100.0
2026-08-18 18:17:59.987014,100.0
2026-08-19 00:29:49.224291,100.0
2026-08-19 06:21:24.585122,100.0
2026-08-19 12:18:19.470359,100.0
2026-08-19 13:38:44.885320,100.0
2026-08-19 18:15:28.630732,100.0
2026-08-20 00:30:01.484976,100.0
2026-08-20 06:22:22.928225,100.0
2026-08-20 12:20:07.752616,100.0
2026-08-20 13:40:07.018167,100.0
